fid,Y,X
0,35.1901499200,137.0404714000
1,35.4304076200,136.6222748000
2,35.1643518200,136.6614244000
3,35.2618516400,136.7171356000
4,35.3344445900,136.7741844000
5,35.1416661500,136.6582201000
6,35.1053040300,136.9255744000
7,35.1594091000,137.0881794000
8,35.1068779900,136.7821435000
9,35.4042956200,136.9693031000
